{
	"format_version": "1.8.0",
	"animations": {
		"animation.plant_spider.move": {
			"loop": true,
			"animation_length": 0.20833,
			"bones": {
				"leftleg": {
					"rotation": {
						"0.0": {
							"vector": [-5.123, 0.56143, 13.4936]
						},
						"0.0833": {
							"vector": [0, 0, 0]
						},
						"0.1667": {
							"vector": [-5.123, 0.56143, 13.4936]
						}
					}
				},
				"frontleftleg": {
					"rotation": {
						"0.0": {
							"vector": [0, 0, 0]
						},
						"0.0833": {
							"vector": [-4.98107, 0.21762, 7.05323]
						},
						"0.1667": {
							"vector": [0, 0, 0]
						}
					}
				},
				"rightleg": {
					"rotation": {
						"0.0": {
							"vector": [-5.123, -0.56143, -13.4936]
						},
						"0.0833": {
							"vector": [0, 0, 0]
						},
						"0.1667": {
							"vector": [-5.123, -0.56143, -13.4936]
						}
					}
				},
				"frontrightleg": {
					"rotation": {
						"0.0": {
							"vector": [0, 0, 0]
						},
						"0.0833": {
							"vector": [-7.43656, -0.4881, -10.54684]
						},
						"0.1667": {
							"vector": [0, 0, 0]
						}
					}
				}
			}
		}
	}
}